Workbook

Sheet Trade Log
B2: The5ers | $2,500 High Stakes | Trade Tracker | H2: 2500
B4: Balance | C4: =H4 -> 2500 | D4: Today P&L | E4: =H7 -> 0 | F4: =H14 -> Step 1 | H4: =H2+IFERROR(SUM(E14:E10000),0) -> 2500
B5: Total P&L | C5: =H5 -> 0 | D5: Win Rate | E5: =H13 -> 0 | H5: =H4-H2 -> 0
B6: Daily Limit Left | C6: =H9 -> 125 | D6: DD Remaining | E6: =H11 -> 250 | H6: =IFERROR(H5/H2,0) -> 0
H7: =IFERROR(SUMIF(C14:C10000,TODAY(),E14:E10000),0) -> 0
B8: =IF(H15>=1,"✅ STEP 1 COMPLETE — Now in Step 2!","Step 1 — Profit Target: 8% ($200) "&REPT("█",MIN(ROUND(H15*20,0),20))&REPT("░",MAX(20-ROUND(H15*20,0),0))&" "&TEXT(MIN(H15,1),"0.0%")) -> Step 1 — Profit Target: 8% ($200) ░░░░░░░░░░░░░░░░░░░░ 0.0% | H8: =IFERROR(ABS(MIN(H7,0))/H2,0) -> 0
H9: =H2*0.05-ABS(MIN(H7,0)) -> 125
B10: =IF(H15<1,"⏳ Complete Step 1 first",IF(H16>=1,"🏆 STEP 2 COMPLETE — You're Funded!","Step 2 — Profit Target: 5% ($125) "&REPT("█",MIN(ROUND(H16*20,0),20))&REPT("░",MAX(20-ROUND(H16*20,0),0))&" "&TEXT(MIN(H16,1),"0.0%"))) -> ⏳ Complete Step 1 first | H10: =IFERROR(ABS(MIN(H5,0))/H2,0) -> 0
B11: 💡 Just type the day number (e.g. 11) in the Day column — the full date fills automatically | H11: =H2*0.1-ABS(MIN(H5,0)) -> 250
B12: =IF(H8>=0.05,"⚠️ DAILY LOSS LIMIT REACHED ($125) — STOP TRADING TODAY",IF(H8>=0.03,"⚠️ Caution: "&TEXT(H8,"0.0%")&" of daily limit used ($"&TEXT(ABS(MIN(H7,0)),"#,##0.00")&" / $125)","✅ Daily loss OK — "&TEXT(H9,"$#,##0.00")&" remaining today")) -> ✅ Daily loss OK — $125.00 remaining today | H12: =COUNTA(B14:B10000) -> 1
B13: Day | C13: Date | D13: R:R | E13: P&L ($) | F13: Balance ($) | G13: Notes | H13: =IFERROR(COUNTIF(E14:E10000,">0")/H12,0) -> 0
C14: =IF(B14="","",DATE(YEAR(TODAY()),MONTH(TODAY()),B14)) | E14: =IF(B14="","",H2+IFERROR(SUM($D$14:D14),0)) | F14: =IF(B14="","",H2+IFERROR(SUM($E$14:E14),0)) | H14: =IF(H15>=1,IF(H16>=1,"✅ FUNDED","Step 2"),"Step 1") -> Step 1
C15: =IF(B15="","",DATE(YEAR(TODAY()),MONTH(TODAY()),B15)) | E15: =IF(B15="","",H2+IFERROR(SUM($D$14:D15),0)) | F15: =IF(B15="","",H2+IFERROR(SUM($E$14:E15),0)) | H15: =IFERROR(MAX(H5,0)/(H2*0.08),0) -> 0
C16: =IF(B16="","",DATE(YEAR(TODAY()),MONTH(TODAY()),B16)) | E16: =IF(B16="","",H2+IFERROR(SUM($D$14:D16),0)) | F16: =IF(B16="","",H2+IFERROR(SUM($E$14:E16),0)) | H16: =IFERROR(IF(H15>=1,MAX(H5-H2*0.08,0)/(H2*0.05),0),0) -> 0
C17: =IF(B17="","",DATE(YEAR(TODAY()),MONTH(TODAY()),B17)) | E17: =IF(B17="","",H2+IFERROR(SUM($D$14:D17),0)) | F17: =IF(B17="","",H2+IFERROR(SUM($E$14:E17),0)) | H17: =IFERROR(COUNTIF(D14:D10000,">0")/H12,0) -> 0
C18: =IF(B18="","",DATE(YEAR(TODAY()),MONTH(TODAY()),B18)) | E18: =IF(B18="","",H2+IFERROR(SUM($D$14:D18),0)) | F18: =IF(B18="","",H2+IFERROR(SUM($E$14:E18),0))
C19: =IF(B19="","",DATE(YEAR(TODAY()),MONTH(TODAY()),B19)) | E19: =IF(B19="","",H2+IFERROR(SUM($D$14:D19),0)) | F19: =IF(B19="","",H2+IFERROR(SUM($E$14:E19),0))
C20: =IF(B20="","",DATE(YEAR(TODAY()),MONTH(TODAY()),B20)) | E20: =IF(B20="","",H2+IFERROR(SUM($D$14:D20),0)) | F20: =IF(B20="","",H2+IFERROR(SUM($E$14:E20),0))
C21: =IF(B21="","",DATE(YEAR(TODAY()),MONTH(TODAY()),B21)) | E21: =IF(B21="","",H2+IFERROR(SUM($D$14:D21),0)) | F21: =IF(B21="","",H2+IFERROR(SUM($E$14:E21),0))
C22: =IF(B22="","",DATE(YEAR(TODAY()),MONTH(TODAY()),B22)) | E22: =IF(B22="","",H2+IFERROR(SUM($D$14:D22),0)) | F22: =IF(B22="","",H2+IFERROR(SUM($E$14:E22),0))
C23: =IF(B23="","",DATE(YEAR(TODAY()),MONTH(TODAY()),B23)) | E23: =IF(B23="","",H2+IFERROR(SUM($D$14:D23),0)) | F23: =IF(B23="","",H2+IFERROR(SUM($E$14:E23),0))
C24: =IF(B24="","",DATE(YEAR(TODAY()),MONTH(TODAY()),B24)) | E24: =IF(B24="","",H2+IFERROR(SUM($D$14:D24),0)) | F24: =IF(B24="","",H2+IFERROR(SUM($E$14:E24),0))
C25: =IF(B25="","",DATE(YEAR(TODAY()),MONTH(TODAY()),B25)) | E25: =IF(B25="","",H2+IFERROR(SUM($D$14:D25),0)) | F25: =IF(B25="","",H2+IFERROR(SUM($E$14:E25),0))
C26: =IF(B26="","",DATE(YEAR(TODAY()),MONTH(TODAY()),B26)) | E26: =IF(B26="","",H2+IFERROR(SUM($D$14:D26),0)) | F26: =IF(B26="","",H2+IFERROR(SUM($E$14:E26),0))
C27: =IF(B27="","",DATE(YEAR(TODAY()),MONTH(TODAY()),B27)) | E27: =IF(B27="","",H2+IFERROR(SUM($D$14:D27),0)) | F27: =IF(B27="","",H2+IFERROR(SUM($E$14:E27),0))
C28: =IF(B28="","",DATE(YEAR(TODAY()),MONTH(TODAY()),B28)) | E28: =IF(B28="","",H2+IFERROR(SUM($D$14:D28),0)) | F28: =IF(B28="","",H2+IFERROR(SUM($E$14:E28),0))
C29: =IF(B29="","",DATE(YEAR(TODAY()),MONTH(TODAY()),B29)) | E29: =IF(B29="","",H2+IFERROR(SUM($D$14:D29),0)) | F29: =IF(B29="","",H2+IFERROR(SUM($E$14:E29),0))
C30: =IF(B30="","",DATE(YEAR(TODAY()),MONTH(TODAY()),B30)) | E30: =IF(B30="","",H2+IFERROR(SUM($D$14:D30),0)) | F30: =IF(B30="","",H2+IFERROR(SUM($E$14:E30),0))
C31: =IF(B31="","",DATE(YEAR(TODAY()),MONTH(TODAY()),B31)) | E31: =IF(B31="","",H2+IFERROR(SUM($D$14:D31),0)) | F31: =IF(B31="","",H2+IFERROR(SUM($E$14:E31),0))
C32: =IF(B32="","",DATE(YEAR(TODAY()),MONTH(TODAY()),B32)) | E32: =IF(B32="","",H2+IFERROR(SUM($D$14:D32),0)) | F32: =IF(B32="","",H2+IFERROR(SUM($E$14:E32),0))
C33: =IF(B33="","",DATE(YEAR(TODAY()),MONTH(TODAY()),B33)) | E33: =IF(B33="","",H2+IFERROR(SUM($D$14:D33),0)) | F33: =IF(B33="","",H2+IFERROR(SUM($E$14:E33),0))
C34: =IF(B34="","",DATE(YEAR(TODAY()),MONTH(TODAY()),B34)) | E34: =IF(B34="","",H2+IFERROR(SUM($D$14:D34),0)) | F34: =IF(B34="","",H2+IFERROR(SUM($E$14:E34),0))
C35: =IF(B35="","",DATE(YEAR(TODAY()),MONTH(TODAY()),B35)) | E35: =IF(B35="","",H2+IFERROR(SUM($D$14:D35),0)) | F35: =IF(B35="","",H2+IFERROR(SUM($E$14:E35),0))
C36: =IF(B36="","",DATE(YEAR(TODAY()),MONTH(TODAY()),B36)) | E36: =IF(B36="","",H2+IFERROR(SUM($D$14:D36),0)) | F36: =IF(B36="","",H2+IFERROR(SUM($E$14:E36),0))
C37: =IF(B37="","",DATE(YEAR(TODAY()),MONTH(TODAY()),B37)) | E37: =IF(B37="","",H2+IFERROR(SUM($D$14:D37),0)) | F37: =IF(B37="","",H2+IFERROR(SUM($E$14:E37),0))
C38: =IF(B38="","",DATE(YEAR(TODAY()),MONTH(TODAY()),B38)) | E38: =IF(B38="","",H2+IFERROR(SUM($D$14:D38),0)) | F38: =IF(B38="","",H2+IFERROR(SUM($E$14:E38),0))
C39: =IF(B39="","",DATE(YEAR(TODAY()),MONTH(TODAY()),B39)) | E39: =IF(B39="","",H2+IFERROR(SUM($D$14:D39),0)) | F39: =IF(B39="","",H2+IFERROR(SUM($E$14:E39),0))
C40: =IF(B40="","",DATE(YEAR(TODAY()),MONTH(TODAY()),B40)) | E40: =IF(B40="","",H2+IFERROR(SUM($D$14:D40),0)) | F40: =IF(B40="","",H2+IFERROR(SUM($E$14:E40),0))
C41: =IF(B41="","",DATE(YEAR(TODAY()),MONTH(TODAY()),B41)) | E41: =IF(B41="","",H2+IFERROR(SUM($D$14:D41),0)) | F41: =IF(B41="","",H2+IFERROR(SUM($E$14:E41),0))
C42: =IF(B42="","",DATE(YEAR(TODAY()),MONTH(TODAY()),B42)) | E42: =IF(B42="","",H2+IFERROR(SUM($D$14:D42),0)) | F42: =IF(B42="","",H2+IFERROR(SUM($E$14:E42),0))
C43: =IF(B43="","",DATE(YEAR(TODAY()),MONTH(TODAY()),B43)) | E43: =IF(B43="","",H2+IFERROR(SUM($D$14:D43),0)) | F43: =IF(B43="","",H2+IFERROR(SUM($E$14:E43),0))
C44: =IF(B44="","",DATE(YEAR(TODAY()),MONTH(TODAY()),B44)) | E44: =IF(B44="","",H2+IFERROR(SUM($D$14:D44),0)) | F44: =IF(B44="","",H2+IFERROR(SUM($E$14:E44),0))
C45: =IF(B45="","",DATE(YEAR(TODAY()),MONTH(TODAY()),B45)) | E45: =IF(B45="","",H2+IFERROR(SUM($D$14:D45),0)) | F45: =IF(B45="","",H2+IFERROR(SUM($E$14:E45),0))
C46: =IF(B46="","",DATE(YEAR(TODAY()),MONTH(TODAY()),B46)) | E46: =IF(B46="","",H2+IFERROR(SUM($D$14:D46),0)) | F46: =IF(B46="","",H2+IFERROR(SUM($E$14:E46),0))
C47: =IF(B47="","",DATE(YEAR(TODAY()),MONTH(TODAY()),B47)) | E47: =IF(B47="","",H2+IFERROR(SUM($D$14:D47),0)) | F47: =IF(B47="","",H2+IFERROR(SUM($E$14:E47),0))
C48: =IF(B48="","",DATE(YEAR(TODAY()),MONTH(TODAY()),B48)) | E48: =IF(B48="","",H2+IFERROR(SUM($D$14:D48),0)) | F48: =IF(B48="","",H2+IFERROR(SUM($E$14:E48),0))
C49: =IF(B49="","",DATE(YEAR(TODAY()),MONTH(TODAY()),B49)) | E49: =IF(B49="","",H2+IFERROR(SUM($D$14:D49),0)) | F49: =IF(B49="","",H2+IFERROR(SUM($E$14:E49),0))
C50: =IF(B50="","",DATE(YEAR(TODAY()),MONTH(TODAY()),B50)) | E50: =IF(B50="","",H2+IFERROR(SUM($D$14:D50),0)) | F50: =IF(B50="","",H2+IFERROR(SUM($E$14:E50),0))
C51: =IF(B51="","",DATE(YEAR(TODAY()),MONTH(TODAY()),B51)) | E51: =IF(B51="","",H2+IFERROR(SUM($D$14:D51),0)) | F51: =IF(B51="","",H2+IFERROR(SUM($E$14:E51),0))
C52: =IF(B52="","",DATE(YEAR(TODAY()),MONTH(TODAY()),B52)) | E52: =IF(B52="","",H2+IFERROR(SUM($D$14:D52),0)) | F52: =IF(B52="","",H2+IFERROR(SUM($E$14:E52),0))
C53: =IF(B53="","",DATE(YEAR(TODAY()),MONTH(TODAY()),B53)) | E53: =IF(B53="","",H2+IFERROR(SUM($D$14:D53),0)) | F53: =IF(B53="","",H2+IFERROR(SUM($E$14:E53),0))
C54: =IF(B54="","",DATE(YEAR(TODAY()),MONTH(TODAY()),B54)) | E54: =IF(B54="","",H2+IFERROR(SUM($D$14:D54),0)) | F54: =IF(B54="","",H2+IFERROR(SUM($E$14:E54),0))
C55: =IF(B55="","",DATE(YEAR(TODAY()),MONTH(TODAY()),B55)) | E55: =IF(B55="","",H2+IFERROR(SUM($D$14:D55),0)) | F55: =IF(B55="","",H2+IFERROR(SUM($E$14:E55),0))
C56: =IF(B56="","",DATE(YEAR(TODAY()),MONTH(TODAY()),B56)) | E56: =IF(B56="","",H2+IFERROR(SUM($D$14:D56),0)) | F56: =IF(B56="","",H2+IFERROR(SUM($E$14:E56),0))
C57: =IF(B57="","",DATE(YEAR(TODAY()),MONTH(TODAY()),B57)) | E57: =IF(B57="","",H2+IFERROR(SUM($D$14:D57),0)) | F57: =IF(B57="","",H2+IFERROR(SUM($E$14:E57),0))
C58: =IF(B58="","",DATE(YEAR(TODAY()),MONTH(TODAY()),B58)) | E58: =IF(B58="","",H2+IFERROR(SUM($D$14:D58),0)) | F58: =IF(B58="","",H2+IFERROR(SUM($E$14:E58),0))
C59: =IF(B59="","",DATE(YEAR(TODAY()),MONTH(TODAY()),B59)) | E59: =IF(B59="","",H2+IFERROR(SUM($D$14:D59),0)) | F59: =IF(B59="","",H2+IFERROR(SUM($E$14:E59),0))
C60: =IF(B60="","",DATE(YEAR(TODAY()),MONTH(TODAY()),B60)) | E60: =IF(B60="","",H2+IFERROR(SUM($D$14:D60),0)) | F60: =IF(B60="","",H2+IFERROR(SUM($E$14:E60),0))
C61: =IF(B61="","",DATE(YEAR(TODAY()),MONTH(TODAY()),B61)) | E61: =IF(B61="","",H2+IFERROR(SUM($D$14:D61),0)) | F61: =IF(B61="","",H2+IFERROR(SUM($E$14:E61),0))
C62: =IF(B62="","",DATE(YEAR(TODAY()),MONTH(TODAY()),B62)) | E62: =IF(B62="","",H2+IFERROR(SUM($D$14:D62),0)) | F62: =IF(B62="","",H2+IFERROR(SUM($E$14:E62),0))
C63: =IF(B63="","",DATE(YEAR(TODAY()),MONTH(TODAY()),B63)) | E63: =IF(B63="","",H2+IFERROR(SUM($D$14:D63),0)) | F63: =IF(B63="","",H2+IFERROR(SUM($E$14:E63),0))
C64: =IF(B64="","",DATE(YEAR(TODAY()),MONTH(TODAY()),B64)) | E64: =IF(B64="","",H2+IFERROR(SUM($D$14:D64),0)) | F64: =IF(B64="","",H2+IFERROR(SUM($E$14:E64),0))
C65: =IF(B65="","",DATE(YEAR(TODAY()),MONTH(TODAY()),B65)) | E65: =IF(B65="","",H2+IFERROR(SUM($D$14:D65),0)) | F65: =IF(B65="","",H2+IFERROR(SUM($E$14:E65),0))
C66: =IF(B66="","",DATE(YEAR(TODAY()),MONTH(TODAY()),B66)) | E66: =IF(B66="","",H2+IFERROR(SUM($D$14:D66),0)) | F66: =IF(B66="","",H2+IFERROR(SUM($E$14:E66),0))
C67: =IF(B67="","",DATE(YEAR(TODAY()),MONTH(TODAY()),B67)) | E67: =IF(B67="","",H2+IFERROR(SUM($D$14:D67),0)) | F67: =IF(B67="","",H2+IFERROR(SUM($E$14:E67),0))
C68: =IF(B68="","",DATE(YEAR(TODAY()),MONTH(TODAY()),B68)) | E68: =IF(B68="","",H2+IFERROR(SUM($D$14:D68),0)) | F68: =IF(B68="","",H2+IFERROR(SUM($E$14:E68),0))
C69: =IF(B69="","",DATE(YEAR(TODAY()),MONTH(TODAY()),B69)) | E69: =IF(B69="","",H2+IFERROR(SUM($D$14:D69),0)) | F69: =IF(B69="","",H2+IFERROR(SUM($E$14:E69),0))
C70: =IF(B70="","",DATE(YEAR(TODAY()),MONTH(TODAY()),B70)) | E70: =IF(B70="","",H2+IFERROR(SUM($D$14:D70),0)) | F70: =IF(B70="","",H2+IFERROR(SUM($E$14:E70),0))
C71: =IF(B71="","",DATE(YEAR(TODAY()),MONTH(TODAY()),B71)) | E71: =IF(B71="","",H2+IFERROR(SUM($D$14:D71),0)) | F71: =IF(B71="","",H2+IFERROR(SUM($E$14:E71),0))
C72: =IF(B72="","",DATE(YEAR(TODAY()),MONTH(TODAY()),B72)) | E72: =IF(B72="","",H2+IFERROR(SUM($D$14:D72),0)) | F72: =IF(B72="","",H2+IFERROR(SUM($E$14:E72),0))
C73: =IF(B73="","",DATE(YEAR(TODAY()),MONTH(TODAY()),B73)) | E73: =IF(B73="","",H2+IFERROR(SUM($D$14:D73),0)) | F73: =IF(B73="","",H2+IFERROR(SUM($E$14:E73),0))
C74: =IF(B74="","",DATE(YEAR(TODAY()),MONTH(TODAY()),B74)) | E74: =IF(B74="","",H2+IFERROR(SUM($D$14:D74),0)) | F74: =IF(B74="","",H2+IFERROR(SUM($E$14:E74),0))
C75: =IF(B75="","",DATE(YEAR(TODAY()),MONTH(TODAY()),B75)) | E75: =IF(B75="","",H2+IFERROR(SUM($D$14:D75),0)) | F75: =IF(B75="","",H2+IFERROR(SUM($E$14:E75),0))
C76: =IF(B76="","",DATE(YEAR(TODAY()),MONTH(TODAY()),B76)) | E76: =IF(B76="","",H2+IFERROR(SUM($D$14:D76),0)) | F76: =IF(B76="","",H2+IFERROR(SUM($E$14:E76),0))
C77: =IF(B77="","",DATE(YEAR(TODAY()),MONTH(TODAY()),B77)) | E77: =IF(B77="","",H2+IFERROR(SUM($D$14:D77),0)) | F77: =IF(B77="","",H2+IFERROR(SUM($E$14:E77),0))
C78: =IF(B78="","",DATE(YEAR(TODAY()),MONTH(TODAY()),B78)) | E78: =IF(B78="","",H2+IFERROR(SUM($D$14:D78),0)) | F78: =IF(B78="","",H2+IFERROR(SUM($E$14:E78),0))
C79: =IF(B79="","",DATE(YEAR(TODAY()),MONTH(TODAY()),B79)) | E79: =IF(B79="","",H2+IFERROR(SUM($D$14:D79),0)) | F79: =IF(B79="","",H2+IFERROR(SUM($E$14:E79),0))
C80: =IF(B80="","",DATE(YEAR(TODAY()),MONTH(TODAY()),B80)) | E80: =IF(B80="","",H2+IFERROR(SUM($D$14:D80),0)) | F80: =IF(B80="","",H2+IFERROR(SUM($E$14:E80),0))
C81: =IF(B81="","",DATE(YEAR(TODAY()),MONTH(TODAY()),B81)) | E81: =IF(B81="","",H2+IFERROR(SUM($D$14:D81),0)) | F81: =IF(B81="","",H2+IFERROR(SUM($E$14:E81),0))
C82: =IF(B82="","",DATE(YEAR(TODAY()),MONTH(TODAY()),B82)) | E82: =IF(B82="","",H2+IFERROR(SUM($D$14:D82),0)) | F82: =IF(B82="","",H2+IFERROR(SUM($E$14:E82),0))
C83: =IF(B83="","",DATE(YEAR(TODAY()),MONTH(TODAY()),B83)) | E83: =IF(B83="","",H2+IFERROR(SUM($D$14:D83),0)) | F83: =IF(B83="","",H2+IFERROR(SUM($E$14:E83),0))
C84: =IF(B84="","",DATE(YEAR(TODAY()),MONTH(TODAY()),B84)) | E84: =IF(B84="","",H2+IFERROR(SUM($D$14:D84),0)) | F84: =IF(B84="","",H2+IFERROR(SUM($E$14:E84),0))
C85: =IF(B85="","",DATE(YEAR(TODAY()),MONTH(TODAY()),B85)) | E85: =IF(B85="","",H2+IFERROR(SUM($D$14:D85),0)) | F85: =IF(B85="","",H2+IFERROR(SUM($E$14:E85),0))
C86: =IF(B86="","",DATE(YEAR(TODAY()),MONTH(TODAY()),B86)) | E86: =IF(B86="","",H2+IFERROR(SUM($D$14:D86),0)) | F86: =IF(B86="","",H2+IFERROR(SUM($E$14:E86),0))
C87: =IF(B87="","",DATE(YEAR(TODAY()),MONTH(TODAY()),B87)) | E87: =IF(B87="","",H2+IFERROR(SUM($D$14:D87),0)) | F87: =IF(B87="","",H2+IFERROR(SUM($E$14:E87),0))
C88: =IF(B88="","",DATE(YEAR(TODAY()),MONTH(TODAY()),B88)) | E88: =IF(B88="","",H2+IFERROR(SUM($D$14:D88),0)) | F88: =IF(B88="","",H2+IFERROR(SUM($E$14:E88),0))
C89: =IF(B89="","",DATE(YEAR(TODAY()),MONTH(TODAY()),B89)) | E89: =IF(B89="","",H2+IFERROR(SUM($D$14:D89),0)) | F89: =IF(B89="","",H2+IFERROR(SUM($E$14:E89),0))
C90: =IF(B90="","",DATE(YEAR(TODAY()),MONTH(TODAY()),B90)) | E90: =IF(B90="","",H2+IFERROR(SUM($D$14:D90),0)) | F90: =IF(B90="","",H2+IFERROR(SUM($E$14:E90),0))
C91: =IF(B91="","",DATE(YEAR(TODAY()),MONTH(TODAY()),B91)) | E91: =IF(B91="","",H2+IFERROR(SUM($D$14:D91),0)) | F91: =IF(B91="","",H2+IFERROR(SUM($E$14:E91),0))
C92: =IF(B92="","",DATE(YEAR(TODAY()),MONTH(TODAY()),B92)) | E92: =IF(B92="","",H2+IFERROR(SUM($D$14:D92),0)) | F92: =IF(B92="","",H2+IFERROR(SUM($E$14:E92),0))
C93: =IF(B93="","",DATE(YEAR(TODAY()),MONTH(TODAY()),B93)) | E93: =IF(B93="","",H2+IFERROR(SUM($D$14:D93),0)) | F93: =IF(B93="","",H2+IFERROR(SUM($E$14:E93),0))
C94: =IF(B94="","",DATE(YEAR(TODAY()),MONTH(TODAY()),B94)) | E94: =IF(B94="","",H2+IFERROR(SUM($D$14:D94),0)) | F94: =IF(B94="","",H2+IFERROR(SUM($E$14:E94),0))
C95: =IF(B95="","",DATE(YEAR(TODAY()),MONTH(TODAY()),B95)) | E95: =IF(B95="","",H2+IFERROR(SUM($D$14:D95),0)) | F95: =IF(B95="","",H2+IFERROR(SUM($E$14:E95),0))
C96: =IF(B96="","",DATE(YEAR(TODAY()),MONTH(TODAY()),B96)) | E96: =IF(B96="","",H2+IFERROR(SUM($D$14:D96),0)) | F96: =IF(B96="","",H2+IFERROR(SUM($E$14:E96),0))
C97: =IF(B97="","",DATE(YEAR(TODAY()),MONTH(TODAY()),B97)) | E97: =IF(B97="","",H2+IFERROR(SUM($D$14:D97),0)) | F97: =IF(B97="","",H2+IFERROR(SUM($E$14:E97),0))
C98: =IF(B98="","",DATE(YEAR(TODAY()),MONTH(TODAY()),B98)) | E98: =IF(B98="","",H2+IFERROR(SUM($D$14:D98),0)) | F98: =IF(B98="","",H2+IFERROR(SUM($E$14:E98),0))
C99: =IF(B99="","",DATE(YEAR(TODAY()),MONTH(TODAY()),B99)) | E99: =IF(B99="","",H2+IFERROR(SUM($D$14:D99),0)) | F99: =IF(B99="","",H2+IFERROR(SUM($E$14:E99),0))
C100: =IF(B100="","",DATE(YEAR(TODAY()),MONTH(TODAY()),B100)) | E100: =IF(B100="","",H2+IFERROR(SUM($D$14:D100),0)) | F100: =IF(B100="","",H2+IFERROR(SUM($E$14:E100),0))
C101: =IF(B101="","",DATE(YEAR(TODAY()),MONTH(TODAY()),B101)) | E101: =IF(B101="","",H2+IFERROR(SUM($D$14:D101),0)) | F101: =IF(B101="","",H2+IFERROR(SUM($E$14:E101),0))
C102: =IF(B102="","",DATE(YEAR(TODAY()),MONTH(TODAY()),B102)) | E102: =IF(B102="","",H2+IFERROR(SUM($D$14:D102),0)) | F102: =IF(B102="","",H2+IFERROR(SUM($E$14:E102),0))
...

Sheet Dashboard
B2: Account Dashboard — The5ers $2,500
B4: 📊 ACCOUNT SUMMARY
B6: Account Size | C6: ='Trade Log'!H2 -> 2500
B7: Current Balance | C7: ='Trade Log'!H4 -> 2500
B8: Total P&L ($) | C8: ='Trade Log'!H5 -> 0
B9: Total P&L (%) | C9: ='Trade Log'!H6 -> 0
B10: Current Phase | C10: ='Trade Log'!H14 -> Step 1
B12: ⚠️ RISK LIMITS
B14: Today's P&L | C14: ='Trade Log'!H7 -> 0
B15: Daily Loss Used | C15: ='Trade Log'!H8 -> 0
B16: Daily Limit Remaining | C16: ='Trade Log'!H9 -> 125
B17: Overall Drawdown | C17: ='Trade Log'!H10 -> 0
B18: DD Remaining | C18: ='Trade Log'!H11 -> 250
B20: 📈 PERFORMANCE
B22: Total Trades | C22: ='Trade Log'!H12 -> 1
B23: Win Rate | C23: ='Trade Log'!H13 -> 0
B25: 🎯 CHALLENGE PROGRESS
B27: Step 1 Progress (8%) | C27: ='Trade Log'!H15 -> 0
B28: Step 2 Progress (5%) | C28: ='Trade Log'!H16 -> 0
B30: 🚦 ALERTS
B32: Daily Loss | C32: =IF('Trade Log'!H8>=0.05,"🚨 STOP — Limit Hit",IF('Trade Log'!H8>=0.03,"⚠️ Caution","✅ OK")) -> ✅ OK
B33: Max Drawdown | C33: =IF('Trade Log'!H10>=0.1,"🚨 BLOWN — Max DD Hit","✅ OK") -> ✅ OK
B34: Step 1 | C34: =IF('Trade Log'!H15>=1,"🏆 PASSED!","⏳ In Progress") -> ⏳ In Progress
B35: Step 2 | C35: =IF('Trade Log'!H16>=1,"🏆 FUNDED!","⏳ In Progress") -> ⏳ In Progress
